{
  "version": 1,
  "author": "leonal robin",
  "editor": "wokwi",
  "parts": [
    { "type": "wokwi-breadboard", "id": "bb1", "top": -195, "left": -150.8, "attrs": {} },
    {
      "type": "wokwi-pi-pico",
      "id": "pico",
      "top": -191.1,
      "left": -86.65,
      "rotate": 270,
      "attrs": {}
    },
    { "type": "wokwi-hc-sr04", "id": "ultrasonic1", "top": -363.3, "left": -244.1, "attrs": {} },
    { "type": "wokwi-hc-sr04", "id": "ultrasonic2", "top": -344.1, "left": 255.1, "attrs": {} },
    {
      "type": "wokwi-led",
      "id": "led1",
      "top": -358.8,
      "left": -25,
      "attrs": { "color": "yellow" }
    },
    { "type": "wokwi-pir-motion-sensor", "id": "pir1", "top": -341.6, "left": 50.22, "attrs": {} },
    {
      "type": "wokwi-buzzer",
      "id": "bz1",
      "top": -391.2,
      "left": 155.4,
      "attrs": { "volume": "0.1" }
    }
  ],
  "connections": [
    [ "pico:GP0", "$serialMonitor:RX", "", [] ],
    [ "pico:GP1", "$serialMonitor:TX", "", [] ],
    [ "pico:VBUS", "bb1:tp.1", "green", [ "v0" ] ],
    [ "ultrasonic1:VCC", "bb1:tp.3", "red", [ "v0" ] ],
    [ "pico:GND.8", "bb1:tn.1", "black", [ "v0" ] ],
    [ "ultrasonic1:GND", "bb1:tn.5", "black", [ "v0" ] ],
    [ "ultrasonic2:GND", "bb1:tn.28", "black", [ "v0" ] ],
    [ "pir1:GND", "bb1:tn.12", "black", [ "v0" ] ],
    [ "pir1:VCC", "bb1:tp.16", "red", [ "v0" ] ],
    [ "pico:GP14", "ultrasonic1:TRIG", "orange", [ "v-201.6", "h-114.8" ] ],
    [ "pico:GP15", "ultrasonic1:ECHO", "cyan", [ "v-105.6", "h-200.8" ] ],
    [ "pico:GP2", "ultrasonic2:TRIG", "orange", [ "v38.4", "h288.4" ] ],
    [ "ultrasonic2:ECHO", "pico:GP3", "cyan", [ "v240", "h-288.8" ] ],
    [ "pico:GP4", "bz1:2", "magenta", [ "v57.6", "h374.4", "v-230.4", "h-95.6" ] ],
    [ "bz1:1", "bb1:tn.35", "black", [ "v0" ] ],
    [ "ultrasonic2:VCC", "bb1:tp.39", "red", [ "v0" ] ],
    [ "pico:GND.5", "led1:C", "black", [ "v0" ] ],
    [ "pico:GP17", "pir1:OUT", "blue", [ "h57.6", "v-126" ] ],
    [ "led1:A", "pico:GP16", "yellow", [ "v163.2", "h48" ] ],
    [ "pico:GP1", "bb1:1b.h", "", [ "$bb" ] ],
    [ "pico:GND.1", "bb1:2b.h", "", [ "$bb" ] ],
    [ "pico:GP2", "bb1:3b.h", "", [ "$bb" ] ],
    [ "pico:GP3", "bb1:4b.h", "", [ "$bb" ] ],
    [ "pico:GP4", "bb1:5b.h", "", [ "$bb" ] ],
    [ "pico:GP5", "bb1:6b.h", "", [ "$bb" ] ],
    [ "pico:GND.2", "bb1:7b.h", "", [ "$bb" ] ],
    [ "pico:GP6", "bb1:8b.h", "", [ "$bb" ] ],
    [ "pico:GP7", "bb1:9b.h", "", [ "$bb" ] ],
    [ "pico:GP8", "bb1:10b.h", "", [ "$bb" ] ],
    [ "pico:GP9", "bb1:11b.h", "", [ "$bb" ] ],
    [ "pico:GND.3", "bb1:12b.h", "", [ "$bb" ] ],
    [ "pico:GP10", "bb1:13b.h", "", [ "$bb" ] ],
    [ "pico:GP11", "bb1:14b.h", "", [ "$bb" ] ],
    [ "pico:GP12", "bb1:15b.h", "", [ "$bb" ] ],
    [ "pico:GP13", "bb1:16b.h", "", [ "$bb" ] ],
    [ "pico:GND.4", "bb1:17b.h", "", [ "$bb" ] ],
    [ "pico:GP14", "bb1:18b.h", "", [ "$bb" ] ],
    [ "pico:GP15", "bb1:19b.h", "", [ "$bb" ] ],
    [ "pico:GP16", "bb1:19t.c", "", [ "$bb" ] ],
    [ "pico:GP17", "bb1:18t.c", "", [ "$bb" ] ],
    [ "pico:GND.5", "bb1:17t.c", "", [ "$bb" ] ],
    [ "pico:GP18", "bb1:16t.c", "", [ "$bb" ] ],
    [ "pico:GP19", "bb1:15t.c", "", [ "$bb" ] ],
    [ "pico:GP20", "bb1:14t.c", "", [ "$bb" ] ],
    [ "pico:GP21", "bb1:13t.c", "", [ "$bb" ] ],
    [ "pico:GND.6", "bb1:12t.c", "", [ "$bb" ] ],
    [ "pico:GP22", "bb1:11t.c", "", [ "$bb" ] ],
    [ "pico:RUN", "bb1:10t.c", "", [ "$bb" ] ],
    [ "pico:GP26", "bb1:9t.c", "", [ "$bb" ] ],
    [ "pico:GP27", "bb1:8t.c", "", [ "$bb" ] ],
    [ "pico:GND.7", "bb1:7t.c", "", [ "$bb" ] ],
    [ "pico:GP28", "bb1:6t.c", "", [ "$bb" ] ],
    [ "pico:ADC_VREF", "bb1:5t.c", "", [ "$bb" ] ],
    [ "pico:3V3", "bb1:4t.c", "", [ "$bb" ] ],
    [ "pico:3V3_EN", "bb1:3t.c", "", [ "$bb" ] ],
    [ "pico:GND.8", "bb1:2t.c", "", [ "$bb" ] ],
    [ "pico:VSYS", "bb1:1t.c", "", [ "$bb" ] ]
  ],
  "dependencies": {}
}